1653382227,Phan Van Thien,0987654321,hyghjhj
1653382345,Phan Van Thien,0987654321,kjyhtgrefw
1653383101,Phan Thien,0123456789,hue
1653383456,Van Thi,0123456789,Hue
1653384110,Tai,03636363663,hue
1653438681,Van,0123456789,He
1653439310,Van,0123456789,Hue
1653439675,Van,01233333333,Hue
1653439807,Hieu,0987654432,Hue
1653439894,Hue,0911212312,Hue
1653440205,Vna,0987656789,Hue
1653440239,Van,0987656789,Hue
1653440268,Van,0123456789,Hue
1653460056,Thien,0123456789,Hue
1653460235,Hue,0123456789,hue
1653460532,Vna,01230123012,Hue]
1653529265,Van,0987654321,Hue
1653529304,Thien,0987656789,Hue
